"filename", "language", "XML", "JavaScript", "PHP", "HTML", "SCSS", "JSON", "CSS", "Markdown", "YAML", "comment", "blank", "total"
"d:\Mostafa\Dotworks App\.idea\blog.iml", "XML", 130, 0, 0, 0, 0, 0, 0, 0, 0, 0, 0, 130
"d:\Mostafa\Dotworks App\.idea\discord.xml", "XML", 7, 0, 0, 0, 0, 0, 0, 0, 0, 0, 0, 7
"d:\Mostafa\Dotworks App\.idea\modules.xml", "XML", 8, 0, 0, 0, 0, 0, 0, 0, 0, 0, 0, 8
"d:\Mostafa\Dotworks App\.idea\php.xml", "XML", 131, 0, 0, 0, 0, 0, 0, 0, 0, 0, 0, 131
"d:\Mostafa\Dotworks App\.idea\phpunit.xml", "XML", 11, 0, 0, 0, 0, 0, 0, 0, 0, 0, 0, 11
"d:\Mostafa\Dotworks App\.idea\vcs.xml", "XML", 6, 0, 0, 0, 0, 0, 0, 0, 0, 0, 0, 6
"d:\Mostafa\Dotworks App\.idea\workspace.xml", "XML", 400, 0, 0, 0, 0, 0, 0, 0, 0, 0, 0, 400
"d:\Mostafa\Dotworks App\.styleci.yml", "YAML", 0, 0, 0, 0, 0, 0, 0, 0, 13, 0, 1, 14
"d:\Mostafa\Dotworks App\README.md", "Markdown", 0, 0, 0, 0, 0, 0, 0, 60, 0, 0, 20, 80
"d:\Mostafa\Dotworks App\app\Console\Kernel.php", "PHP", 0, 0, 17, 0, 0, 0, 0, 0, 0, 18, 7, 42
"d:\Mostafa\Dotworks App\app\Exceptions\Handler.php", "PHP", 0, 0, 21, 0, 0, 0, 0, 0, 0, 28, 7, 56
"d:\Mostafa\Dotworks App\app\Http\Controllers\Admin\AdminController.php", "PHP", 0, 0, 45, 0, 0, 0, 0, 0, 0, 15, 14, 74
"d:\Mostafa\Dotworks App\app\Http\Controllers\Admin\Admins\AdminPermissionController.php", "PHP", 0, 0, 43, 0, 0, 0, 0, 0, 0, 0, 8, 51
"d:\Mostafa\Dotworks App\app\Http\Controllers\Admin\Admins\AdminRoleController.php", "PHP", 0, 0, 46, 0, 0, 0, 0, 0, 0, 0, 8, 54
"d:\Mostafa\Dotworks App\app\Http\Controllers\Admin\Admins\ManagementController.php", "PHP", 0, 0, 61, 0, 0, 0, 0, 0, 0, 0, 8, 69
"d:\Mostafa\Dotworks App\app\Http\Controllers\Admin\Authorization\AdminRolePermissionController.php", "PHP", 0, 0, 28, 0, 0, 0, 0, 0, 0, 48, 10, 86
"d:\Mostafa\Dotworks App\app\Http\Controllers\Admin\Services\CategoryController.php", "PHP", 0, 0, 63, 0, 0, 0, 0, 0, 0, 0, 8, 71
"d:\Mostafa\Dotworks App\app\Http\Controllers\Admin\Services\ManagementController.php", "PHP", 0, 0, 51, 0, 0, 0, 0, 0, 0, 0, 8, 59
"d:\Mostafa\Dotworks App\app\Http\Controllers\Admin\Users\ManagementController.php", "PHP", 0, 0, 62, 0, 0, 0, 0, 0, 0, 0, 8, 70
"d:\Mostafa\Dotworks App\app\Http\Controllers\Admin\Users\UserPermissionController.php", "PHP", 0, 0, 43, 0, 0, 0, 0, 0, 0, 0, 8, 51
"d:\Mostafa\Dotworks App\app\Http\Controllers\Admin\Users\UserRoleController.php", "PHP", 0, 0, 51, 0, 0, 0, 0, 0, 0, 0, 8, 59
"d:\Mostafa\Dotworks App\app\Http\Controllers\Auth\ConfirmPasswordController.php", "PHP", 0, 0, 14, 0, 0, 0, 0, 0, 0, 20, 7, 41
"d:\Mostafa\Dotworks App\app\Http\Controllers\Auth\ForgotPasswordController.php", "PHP", 0, 0, 8, 0, 0, 0, 0, 0, 0, 10, 5, 23
"d:\Mostafa\Dotworks App\app\Http\Controllers\Auth\LoginController.php", "PHP", 0, 0, 25, 0, 0, 0, 0, 0, 0, 20, 9, 54
"d:\Mostafa\Dotworks App\app\Http\Controllers\Auth\RegisterController.php", "PHP", 0, 0, 51, 0, 0, 0, 0, 0, 0, 32, 11, 94
"d:\Mostafa\Dotworks App\app\Http\Controllers\Auth\ResetPasswordController.php", "PHP", 0, 0, 10, 0, 0, 0, 0, 0, 0, 15, 6, 31
"d:\Mostafa\Dotworks App\app\Http\Controllers\Auth\VerificationController.php", "PHP", 0, 0, 16, 0, 0, 0, 0, 0, 0, 20, 7, 43
"d:\Mostafa\Dotworks App\app\Http\Controllers\Controller.php", "PHP", 0, 0, 10, 0, 0, 0, 0, 0, 0, 0, 4, 14
"d:\Mostafa\Dotworks App\app\Http\Controllers\Frontend\IndexController.php", "PHP", 0, 0, 15, 0, 0, 0, 0, 0, 0, 5, 6, 26
"d:\Mostafa\Dotworks App\app\Http\Controllers\Frontend\ServiceViewController.php", "PHP", 0, 0, 86, 0, 0, 0, 0, 0, 0, 27, 33, 146
"d:\Mostafa\Dotworks App\app\Http\Controllers\Frontend\SupportController.php", "PHP", 0, 0, 10, 0, 0, 0, 0, 0, 0, 0, 6, 16
"d:\Mostafa\Dotworks App\app\Http\Controllers\Frontend\User\DashboardController.php", "PHP", 0, 0, 19, 0, 0, 0, 0, 0, 0, 10, 5, 34
"d:\Mostafa\Dotworks App\app\Http\Controllers\Frontend\User\InvoiceController.php", "PHP", 0, 0, 28, 0, 0, 0, 0, 0, 0, 48, 11, 87
"d:\Mostafa\Dotworks App\app\Http\Controllers\Frontend\User\MessageController.php", "PHP", 0, 0, 30, 0, 0, 0, 0, 0, 0, 10, 12, 52
"d:\Mostafa\Dotworks App\app\Http\Controllers\Frontend\User\Order\OrderController.php", "PHP", 0, 0, 171, 0, 0, 0, 0, 0, 0, 36, 39, 246
"d:\Mostafa\Dotworks App\app\Http\Controllers\Frontend\User\Order\OrderFileController.php", "PHP", 0, 0, 45, 0, 0, 0, 0, 0, 0, 47, 14, 106
"d:\Mostafa\Dotworks App\app\Http\Controllers\Frontend\User\Order\OrderStateController.php", "PHP", 0, 0, 28, 0, 0, 0, 0, 0, 0, 48, 10, 86
"d:\Mostafa\Dotworks App\app\Http\Controllers\Frontend\User\PaypalPaymentController.php", "PHP", 0, 0, 64, 0, 0, 0, 0, 0, 0, 0, 24, 88
"d:\Mostafa\Dotworks App\app\Http\Controllers\Frontend\User\Profile\UserLanguagesController.php", "PHP", 0, 0, 81, 0, 0, 0, 0, 0, 0, 6, 33, 120
"d:\Mostafa\Dotworks App\app\Http\Controllers\Frontend\User\Profile\UserProfileController.php", "PHP", 0, 0, 87, 0, 0, 0, 0, 0, 0, 22, 30, 139
"d:\Mostafa\Dotworks App\app\Http\Controllers\Frontend\User\Profile\UserSkillsController.php", "PHP", 0, 0, 62, 0, 0, 0, 0, 0, 0, 6, 17, 85
"d:\Mostafa\Dotworks App\app\Http\Controllers\Frontend\User\Profile\UserSlidesController.php", "PHP", 0, 0, 65, 0, 0, 0, 0, 0, 0, 2, 10, 77
"d:\Mostafa\Dotworks App\app\Http\Controllers\Frontend\User\ServiceController.php", "PHP", 0, 0, 215, 0, 0, 0, 0, 0, 0, 62, 75, 352
"d:\Mostafa\Dotworks App\app\Http\Controllers\Frontend\User\WalletController.php", "PHP", 0, 0, 55, 0, 0, 0, 0, 0, 0, 0, 12, 67
"d:\Mostafa\Dotworks App\app\Http\Controllers\MessageController.php", "PHP", 0, 0, 28, 0, 0, 0, 0, 0, 0, 48, 10, 86
"d:\Mostafa\Dotworks App\app\Http\Controllers\ServiceStateController.php", "PHP", 0, 0, 28, 0, 0, 0, 0, 0, 0, 48, 10, 86
"d:\Mostafa\Dotworks App\app\Http\Kernel.php", "PHP", 0, 0, 43, 0, 0, 0, 0, 0, 0, 20, 7, 70
"d:\Mostafa\Dotworks App\app\Http\Middleware\Admin.php", "PHP", 0, 0, 1, 0, 0, 0, 0, 0, 0, 26, 1, 28
"d:\Mostafa\Dotworks App\app\Http\Middleware\Authenticate.php", "PHP", 0, 0, 12, 0, 0, 0, 0, 0, 0, 6, 5, 23
"d:\Mostafa\Dotworks App\app\Http\Middleware\CheckForMaintenanceMode.php", "PHP", 0, 0, 8, 0, 0, 0, 0, 0, 0, 6, 4, 18
"d:\Mostafa\Dotworks App\app\Http\Middleware\EncryptCookies.php", "PHP", 0, 0, 8, 0, 0, 0, 0, 0, 0, 6, 4, 18
"d:\Mostafa\Dotworks App\app\Http\Middleware\LastActivity.php", "PHP", 0, 0, 15, 0, 0, 0, 0, 0, 0, 7, 4, 26
"d:\Mostafa\Dotworks App\app\Http\Middleware\Localization.php", "PHP", 0, 0, 14, 0, 0, 0, 0, 0, 0, 6, 5, 25
"d:\Mostafa\Dotworks App\app\Http\Middleware\RedirectIfAuthenticated.php", "PHP", 0, 0, 15, 0, 0, 0, 0, 0, 0, 8, 5, 28
"d:\Mostafa\Dotworks App\app\Http\Middleware\TrimStrings.php", "PHP", 0, 0, 10, 0, 0, 0, 0, 0, 0, 5, 4, 19
"d:\Mostafa\Dotworks App\app\Http\Middleware\TrustProxies.php", "PHP", 0, 0, 9, 0, 0, 0, 0, 0, 0, 10, 5, 24
"d:\Mostafa\Dotworks App\app\Http\Middleware\VerifyCsrfToken.php", "PHP", 0, 0, 8, 0, 0, 0, 0, 0, 0, 6, 4, 18
"d:\Mostafa\Dotworks App\app\Http\Requests\Service\OrderPaymentRequest.php", "PHP", 0, 0, 18, 0, 0, 0, 0, 0, 0, 10, 5, 33
"d:\Mostafa\Dotworks App\app\Http\Requests\UpdateProfileRequest.php", "PHP", 0, 0, 25, 0, 0, 0, 0, 0, 0, 10, 5, 40
"d:\Mostafa\Dotworks App\app\Http\Requests\User\Order\AskForFileResubmissionRequest.php", "PHP", 0, 0, 17, 0, 0, 0, 0, 0, 0, 10, 5, 32
"d:\Mostafa\Dotworks App\app\Http\Requests\User\Order\ConfirmDeliveryFilesRequest.php", "PHP", 0, 0, 19, 0, 0, 0, 0, 0, 0, 10, 5, 34
"d:\Mostafa\Dotworks App\app\Http\Requests\User\Order\FeedbackAsClientRequest.php", "PHP", 0, 0, 20, 0, 0, 0, 0, 0, 0, 10, 5, 35
"d:\Mostafa\Dotworks App\app\Http\Requests\User\Order\FeedbackAsProviderRequest.php", "PHP", 0, 0, 20, 0, 0, 0, 0, 0, 0, 10, 5, 35
"d:\Mostafa\Dotworks App\app\Http\Requests\User\Order\OrderResponseRequest.php", "PHP", 0, 0, 16, 0, 0, 0, 0, 0, 0, 10, 5, 31
"d:\Mostafa\Dotworks App\app\Http\Requests\User\Order\ShowDeliveryRequest.php", "PHP", 0, 0, 17, 0, 0, 0, 0, 0, 0, 10, 5, 32
"d:\Mostafa\Dotworks App\app\Http\Requests\User\Order\StartDeliveryRequest.php", "PHP", 0, 0, 17, 0, 0, 0, 0, 0, 0, 10, 5, 32
"d:\Mostafa\Dotworks App\app\Http\Requests\User\Service\DestroyServiceRequest.php", "PHP", 0, 0, 16, 0, 0, 0, 0, 0, 0, 10, 5, 31
"d:\Mostafa\Dotworks App\app\Http\Requests\User\Service\StoreServiceRequest.php", "PHP", 0, 0, 78, 0, 0, 0, 0, 0, 0, 15, 18, 111
"d:\Mostafa\Dotworks App\app\Http\Requests\User\Service\UpdateServiceRequest.php", "PHP", 0, 0, 80, 0, 0, 0, 0, 0, 0, 15, 18, 113
"d:\Mostafa\Dotworks App\app\Http\Requests\User\UserProfile\UpdateAccountRequest.php", "PHP", 0, 0, 27, 0, 0, 0, 0, 0, 0, 10, 10, 47
"d:\Mostafa\Dotworks App\app\Models\Admin\Admin.php", "PHP", 0, 0, 21, 0, 0, 0, 0, 0, 0, 15, 9, 45
"d:\Mostafa\Dotworks App\app\Models\Admin\AdminPermission.php", "PHP", 0, 0, 9, 0, 0, 0, 0, 0, 0, 0, 4, 13
"d:\Mostafa\Dotworks App\app\Models\Admin\AdminRole.php", "PHP", 0, 0, 12, 0, 0, 0, 0, 0, 0, 0, 6, 18
"d:\Mostafa\Dotworks App\app\Models\Message.php", "PHP", 0, 0, 20, 0, 0, 0, 0, 0, 0, 0, 4, 24
"d:\Mostafa\Dotworks App\app\Models\Order\Order.php", "PHP", 0, 0, 51, 0, 0, 0, 0, 0, 0, 0, 7, 58
"d:\Mostafa\Dotworks App\app\Models\Order\OrderFile.php", "PHP", 0, 0, 14, 0, 0, 0, 0, 0, 0, 0, 7, 21
"d:\Mostafa\Dotworks App\app\Models\Order\OrderState.php", "PHP", 0, 0, 15, 0, 0, 0, 0, 0, 0, 0, 7, 22
"d:\Mostafa\Dotworks App\app\Models\Service\Category.php", "PHP", 0, 0, 25, 0, 0, 0, 0, 0, 0, 0, 11, 36
"d:\Mostafa\Dotworks App\app\Models\Service\Service.php", "PHP", 0, 0, 27, 0, 0, 0, 0, 0, 0, 0, 13, 40
"d:\Mostafa\Dotworks App\app\Models\Service\ServiceImage.php", "PHP", 0, 0, 31, 0, 0, 0, 0, 0, 0, 0, 13, 44
"d:\Mostafa\Dotworks App\app\Models\Service\ServicePackage.php", "PHP", 0, 0, 25, 0, 0, 0, 0, 0, 0, 0, 9, 34
"d:\Mostafa\Dotworks App\app\Models\Service\ServicePackageOffer.php", "PHP", 0, 0, 15, 0, 0, 0, 0, 0, 0, 0, 7, 22
"d:\Mostafa\Dotworks App\app\Models\Service\ServiceState.php", "PHP", 0, 0, 9, 0, 0, 0, 0, 0, 0, 0, 6, 15
"d:\Mostafa\Dotworks App\app\Models\User\Country.php", "PHP", 0, 0, 6, 0, 0, 0, 0, 0, 0, 1, 4, 11
"d:\Mostafa\Dotworks App\app\Models\User\Invoice.php", "PHP", 0, 0, 31, 0, 0, 0, 0, 0, 0, 0, 7, 38
"d:\Mostafa\Dotworks App\app\Models\User\User.php", "PHP", 0, 0, 164, 0, 0, 0, 0, 0, 0, 33, 74, 271
"d:\Mostafa\Dotworks App\app\Models\User\UserImage.php", "PHP", 0, 0, 9, 0, 0, 0, 0, 0, 0, 0, 4, 13
"d:\Mostafa\Dotworks App\app\Models\User\UserLanguage.php", "PHP", 0, 0, 15, 0, 0, 0, 0, 0, 0, 0, 6, 21
"d:\Mostafa\Dotworks App\app\Models\User\UserPermission.php", "PHP", 0, 0, 9, 0, 0, 0, 0, 0, 0, 0, 6, 15
"d:\Mostafa\Dotworks App\app\Models\User\UserRole.php", "PHP", 0, 0, 12, 0, 0, 0, 0, 0, 0, 0, 4, 16
"d:\Mostafa\Dotworks App\app\Models\User\UserSkill.php", "PHP", 0, 0, 14, 0, 0, 0, 0, 0, 0, 0, 6, 20
"d:\Mostafa\Dotworks App\app\Providers\AppServiceProvider.php", "PHP", 0, 0, 15, 0, 0, 0, 0, 0, 0, 12, 5, 32
"d:\Mostafa\Dotworks App\app\Providers\AuthServiceProvider.php", "PHP", 0, 0, 13, 0, 0, 0, 0, 0, 0, 12, 6, 31
"d:\Mostafa\Dotworks App\app\Providers\BroadcastServiceProvider.php", "PHP", 0, 0, 12, 0, 0, 0, 0, 0, 0, 5, 5, 22
"d:\Mostafa\Dotworks App\app\Providers\EventServiceProvider.php", "PHP", 0, 0, 18, 0, 0, 0, 0, 0, 0, 11, 6, 35
"d:\Mostafa\Dotworks App\app\Providers\RouteServiceProvider.php", "PHP", 0, 0, 31, 0, 0, 0, 0, 0, 0, 38, 12, 81
"d:\Mostafa\Dotworks App\app\Rules\ServicePriceValidate.php", "PHP", 0, 0, 17, 0, 0, 0, 0, 0, 0, 18, 8, 43
"d:\Mostafa\Dotworks App\app\helpers.php", "PHP", 0, 0, 21, 0, 0, 0, 0, 0, 0, 1, 5, 27
"d:\Mostafa\Dotworks App\bootstrap\app.php", "PHP", 0, 0, 17, 0, 0, 0, 0, 0, 0, 30, 9, 56
"d:\Mostafa\Dotworks App\composer.json", "JSON", 0, 0, 0, 0, 0, 72, 0, 0, 0, 0, 2, 74
"d:\Mostafa\Dotworks App\composer.lock", "JSON", 0, 0, 0, 0, 0, 8297, 0, 0, 0, 0, 1, 8298
"d:\Mostafa\Dotworks App\config\app.php", "PHP", 0, 0, 89, 0, 0, 0, 0, 0, 0, 120, 32, 241
"d:\Mostafa\Dotworks App\config\auth.php", "PHP", 0, 0, 41, 0, 0, 0, 0, 0, 0, 70, 13, 124
"d:\Mostafa\Dotworks App\config\broadcasting.php", "PHP", 0, 0, 26, 0, 0, 0, 0, 0, 0, 22, 12, 60
"d:\Mostafa\Dotworks App\config\cache.php", "PHP", 0, 0, 53, 0, 0, 0, 0, 0, 0, 34, 18, 105
"d:\Mostafa\Dotworks App\config\cors.php", "PHP", 0, 0, 3, 0, 0, 0, 0, 0, 0, 29, 3, 35
"d:\Mostafa\Dotworks App\config\database.php", "PHP", 0, 0, 81, 0, 0, 0, 0, 0, 0, 45, 22, 148
"d:\Mostafa\Dotworks App\config\datatables.php", "PHP", 0, 0, 32, 0, 0, 0, 0, 0, 0, 73, 18, 123
"d:\Mostafa\Dotworks App\config\filesystems.php", "PHP", 0, 0, 29, 0, 0, 0, 0, 0, 0, 42, 15, 86
"d:\Mostafa\Dotworks App\config\hashing.php", "PHP", 0, 0, 12, 0, 0, 0, 0, 0, 0, 32, 9, 53
"d:\Mostafa\Dotworks App\config\jwt.php", "PHP", 0, 0, 26, 0, 0, 0, 0, 0, 0, 235, 44, 305
"d:\Mostafa\Dotworks App\config\logging.php", "PHP", 0, 0, 64, 0, 0, 0, 0, 0, 0, 24, 17, 105
"d:\Mostafa\Dotworks App\config\mail.php", "PHP", 0, 0, 45, 0, 0, 0, 0, 0, 0, 47, 18, 110
"d:\Mostafa\Dotworks App\config\paypal.php", "PHP", 0, 0, 24, 0, 0, 0, 0, 0, 0, 4, 3, 31
"d:\Mostafa\Dotworks App\config\queue.php", "PHP", 0, 0, 43, 0, 0, 0, 0, 0, 0, 32, 15, 90
"d:\Mostafa\Dotworks App\config\services.php", "PHP", 0, 0, 16, 0, 0, 0, 0, 0, 0, 11, 7, 34
"d:\Mostafa\Dotworks App\config\session.php", "PHP", 0, 0, 22, 0, 0, 0, 0, 0, 0, 145, 33, 200
"d:\Mostafa\Dotworks App\config\view.php", "PHP", 0, 0, 10, 0, 0, 0, 0, 0, 0, 20, 7, 37
"d:\Mostafa\Dotworks App\config\voyager.php", "PHP", 0, 0, 91, 0, 0, 0, 0, 0, 0, 131, 37, 259
"d:\Mostafa\Dotworks App\database\Seeder\AdminPermissionSeeder.php", "PHP", 0, 0, 8, 0, 0, 0, 0, 0, 0, 6, 3, 17
"d:\Mostafa\Dotworks App\database\Seeder\AdminRolePermissionSeeder.php", "PHP", 0, 0, 8, 0, 0, 0, 0, 0, 0, 6, 3, 17
"d:\Mostafa\Dotworks App\database\Seeder\AdminRoleSeeder.php", "PHP", 0, 0, 8, 0, 0, 0, 0, 0, 0, 6, 3, 17
"d:\Mostafa\Dotworks App\database\Seeder\CategorySeeder.php", "PHP", 0, 0, 30, 0, 0, 0, 0, 0, 0, 5, 3, 38
"d:\Mostafa\Dotworks App\database\Seeder\DataRowsTableSeeder.php", "PHP", 0, 0, 335, 0, 0, 0, 0, 0, 0, 11, 25, 371
"d:\Mostafa\Dotworks App\database\Seeder\DataTypesTableSeeder.php", "PHP", 0, 0, 53, 0, 0, 0, 0, 0, 0, 11, 6, 70
"d:\Mostafa\Dotworks App\database\Seeder\DatabaseSeeder.php", "PHP", 0, 0, 9, 0, 0, 0, 0, 0, 0, 29, 4, 42
"d:\Mostafa\Dotworks App\database\Seeder\MenuItemsTableSeeder.php", "PHP", 0, 0, 160, 0, 0, 0, 0, 0, 0, 5, 13, 178
"d:\Mostafa\Dotworks App\database\Seeder\MenusTableSeeder.php", "PHP", 0, 0, 12, 0, 0, 0, 0, 0, 0, 5, 3, 20
"d:\Mostafa\Dotworks App\database\Seeder\MessageSeeder.php", "PHP", 0, 0, 8, 0, 0, 0, 0, 0, 0, 6, 3, 17
"d:\Mostafa\Dotworks App\database\Seeder\OrderSeeder.php", "PHP", 0, 0, 8, 0, 0, 0, 0, 0, 0, 6, 3, 17
"d:\Mostafa\Dotworks App\database\Seeder\PermissionRoleTableSeeder.php", "PHP", 0, 0, 15, 0, 0, 0, 0, 0, 0, 5, 5, 25
"d:\Mostafa\Dotworks App\database\Seeder\PermissionsTableSeeder.php", "PHP", 0, 0, 26, 0, 0, 0, 0, 0, 0, 3, 8, 37
"d:\Mostafa\Dotworks App\database\Seeder\RolesTableSeeder.php", "PHP", 0, 0, 21, 0, 0, 0, 0, 0, 0, 3, 4, 28
"d:\Mostafa\Dotworks App\database\Seeder\ServiceSeeder.php", "PHP", 0, 0, 8, 0, 0, 0, 0, 0, 0, 6, 3, 17
"d:\Mostafa\Dotworks App\database\Seeder\ServiceStateSeeder.php", "PHP", 0, 0, 8, 0, 0, 0, 0, 0, 0, 6, 3, 17
"d:\Mostafa\Dotworks App\database\Seeder\SettingsTableSeeder.php", "PHP", 0, 0, 123, 0, 0, 0, 0, 0, 0, 10, 13, 146
"d:\Mostafa\Dotworks App\database\Seeder\TranslationsTableSeeder.php", "PHP", 0, 0, 170, 0, 0, 0, 0, 0, 0, 39, 23, 232
"d:\Mostafa\Dotworks App\database\Seeder\UserPermissionSeeder.php", "PHP", 0, 0, 8, 0, 0, 0, 0, 0, 0, 6, 3, 17
"d:\Mostafa\Dotworks App\database\Seeder\UserRolePermissionSeeder.php", "PHP", 0, 0, 8, 0, 0, 0, 0, 0, 0, 6, 3, 17
"d:\Mostafa\Dotworks App\database\Seeder\UserRoleSeeder.php", "PHP", 0, 0, 8, 0, 0, 0, 0, 0, 0, 6, 3, 17
"d:\Mostafa\Dotworks App\database\data\languages.json", "JSON", 0, 0, 0, 0, 0, 922, 0, 0, 0, 0, 1, 923
"d:\Mostafa\Dotworks App\database\factories\AdminPermissionFactory.php", "PHP", 0, 0, 7, 0, 0, 0, 0, 0, 0, 2, 4, 13
"d:\Mostafa\Dotworks App\database\factories\AdminRoleFactory.php", "PHP", 0, 0, 7, 0, 0, 0, 0, 0, 0, 2, 4, 13
"d:\Mostafa\Dotworks App\database\factories\AdminRolePermissionFactory.php", "PHP", 0, 0, 7, 0, 0, 0, 0, 0, 0, 2, 4, 13
"d:\Mostafa\Dotworks App\database\factories\CountryFactory.php", "PHP", 0, 0, 7, 0, 0, 0, 0, 0, 0, 2, 4, 13
"d:\Mostafa\Dotworks App\database\factories\InvoiceFactory.php", "PHP", 0, 0, 7, 0, 0, 0, 0, 0, 0, 2, 4, 13
"d:\Mostafa\Dotworks App\database\factories\MessageFactory.php", "PHP", 0, 0, 7, 0, 0, 0, 0, 0, 0, 2, 4, 13
"d:\Mostafa\Dotworks App\database\factories\OrderFactory.php", "PHP", 0, 0, 7, 0, 0, 0, 0, 0, 0, 2, 4, 13
"d:\Mostafa\Dotworks App\database\factories\OrderFileFactory.php", "PHP", 0, 0, 7, 0, 0, 0, 0, 0, 0, 2, 4, 13
"d:\Mostafa\Dotworks App\database\factories\OrderReviewFactory.php", "PHP", 0, 0, 7, 0, 0, 0, 0, 0, 0, 2, 4, 13
"d:\Mostafa\Dotworks App\database\factories\OrderStateFactory.php", "PHP", 0, 0, 7, 0, 0, 0, 0, 0, 0, 2, 4, 13
"d:\Mostafa\Dotworks App\database\factories\ServiceFactory.php", "PHP", 0, 0, 7, 0, 0, 0, 0, 0, 0, 2, 4, 13
"d:\Mostafa\Dotworks App\database\factories\ServiceStateFactory.php", "PHP", 0, 0, 7, 0, 0, 0, 0, 0, 0, 2, 4, 13
"d:\Mostafa\Dotworks App\database\factories\UserFactory.php", "PHP", 0, 0, 13, 0, 0, 0, 0, 0, 0, 11, 5, 29
"d:\Mostafa\Dotworks App\database\factories\UserPermissionFactory.php", "PHP", 0, 0, 7, 0, 0, 0, 0, 0, 0, 2, 4, 13
"d:\Mostafa\Dotworks App\database\factories\UserRoleFactory.php", "PHP", 0, 0, 7, 0, 0, 0, 0, 0, 0, 2, 4, 13
"d:\Mostafa\Dotworks App\database\factories\UserRolePermissionFactory.php", "PHP", 0, 0, 7, 0, 0, 0, 0, 0, 0, 2, 4, 13
"d:\Mostafa\Dotworks App\database\factories\UserSkillFactory.php", "PHP", 0, 0, 7, 0, 0, 0, 0, 0, 0, 2, 4, 13
"d:\Mostafa\Dotworks App\database\migrations\2014_10_12_000000_create_users_table.php", "PHP", 0, 0, 23, 0, 0, 0, 0, 0, 0, 10, 4, 37
"d:\Mostafa\Dotworks App\database\migrations\2014_10_12_100000_create_password_resets_table.php", "PHP", 0, 0, 19, 0, 0, 0, 0, 0, 0, 10, 4, 33
"d:\Mostafa\Dotworks App\database\migrations\2016_01_01_000000_create_pages_table.php", "PHP", 0, 0, 27, 0, 0, 0, 0, 0, 0, 11, 4, 42
"d:\Mostafa\Dotworks App\database\migrations\2016_01_01_000000_create_posts_table.php", "PHP", 0, 0, 29, 0, 0, 0, 0, 0, 0, 12, 5, 46
"d:\Mostafa\Dotworks App\database\migrations\2017_04_11_000000_alter_post_nullable_fields_table.php", "PHP", 0, 0, 25, 0, 0, 0, 0, 0, 0, 10, 5, 40
"d:\Mostafa\Dotworks App\database\migrations\2019_08_19_000000_create_failed_jobs_table.php", "PHP", 0, 0, 22, 0, 0, 0, 0, 0, 0, 10, 4, 36
"d:\Mostafa\Dotworks App\database\migrations\2020_01_08_154508_create_categories_table.php", "PHP", 0, 0, 24, 0, 0, 0, 0, 0, 0, 10, 5, 39
"d:\Mostafa\Dotworks App\database\migrations\2020_06_01_080859_create_service_states_table.php", "PHP", 0, 0, 20, 0, 0, 0, 0, 0, 0, 10, 4, 34
"d:\Mostafa\Dotworks App\database\migrations\2020_06_02_102548_create_services_table.php", "PHP", 0, 0, 36, 0, 0, 0, 0, 0, 0, 10, 4, 50
"d:\Mostafa\Dotworks App\database\migrations\2020_06_08_154204_create_service_images_table.php", "PHP", 0, 0, 23, 0, 0, 0, 0, 0, 0, 10, 4, 37
"d:\Mostafa\Dotworks App\database\migrations\2020_06_09_162016_create_countries_table.php", "PHP", 0, 0, 20, 0, 0, 0, 0, 0, 0, 10, 4, 34
"d:\Mostafa\Dotworks App\database\migrations\2020_06_13_121502_create_languages_table.php", "PHP", 0, 0, 20, 0, 0, 0, 0, 0, 0, 10, 4, 34
"d:\Mostafa\Dotworks App\database\migrations\2020_06_13_124702_create_user_languages_table.php", "PHP", 0, 0, 24, 0, 0, 0, 0, 0, 0, 10, 4, 38
"d:\Mostafa\Dotworks App\database\migrations\2020_06_13_214713_create_user_skills_table.php", "PHP", 0, 0, 24, 0, 0, 0, 0, 0, 0, 10, 4, 38
"d:\Mostafa\Dotworks App\database\migrations\2020_06_16_205444_create_user_images_table.php", "PHP", 0, 0, 23, 0, 0, 0, 0, 0, 0, 10, 4, 37
"d:\Mostafa\Dotworks App\database\migrations\2021_06_30_191840_create_service_packages_table.php", "PHP", 0, 0, 29, 0, 0, 0, 0, 0, 0, 10, 4, 43
"d:\Mostafa\Dotworks App\database\migrations\2021_06_30_193011_create_service_package_offers_table.php", "PHP", 0, 0, 24, 0, 0, 0, 0, 0, 0, 10, 4, 38
"d:\Mostafa\Dotworks App\database\migrations\2021_07_28_091745_create_order_states_table.php", "PHP", 0, 0, 20, 0, 0, 0, 0, 0, 0, 10, 4, 34
"d:\Mostafa\Dotworks App\database\migrations\2021_07_28_095532_create_orders_table.php", "PHP", 0, 0, 43, 0, 0, 0, 0, 0, 0, 10, 4, 57
"d:\Mostafa\Dotworks App\database\migrations\2021_07_29_084559_create_messages_table.php", "PHP", 0, 0, 28, 0, 0, 0, 0, 0, 0, 10, 4, 42
"d:\Mostafa\Dotworks App\database\migrations\2022_02_15_142152_create_order_files_table.php", "PHP", 0, 0, 23, 0, 0, 0, 0, 0, 0, 10, 4, 37
"d:\Mostafa\Dotworks App\database\migrations\2022_02_18_140209_create_invoices_table.php", "PHP", 0, 0, 28, 0, 0, 0, 0, 0, 0, 10, 4, 42
"d:\Mostafa\Dotworks App\database\migrations\first\2020_05_30_034222_create_admins_table.php", "PHP", 0, 0, 30, 0, 0, 0, 0, 0, 0, 10, 5, 45
"d:\Mostafa\Dotworks App\database\migrations\first\2021_03_22_014826_create_user_roles_table.php", "PHP", 0, 0, 22, 0, 0, 0, 0, 0, 0, 10, 4, 36
"d:\Mostafa\Dotworks App\database\migrations\first\2021_03_22_014852_create_admin_roles_table.php", "PHP", 0, 0, 20, 0, 0, 0, 0, 0, 0, 10, 4, 34
"d:\Mostafa\Dotworks App\database\migrations\first\2021_03_22_111924_create_admin_permissions_table.php", "PHP", 0, 0, 19, 0, 0, 0, 0, 0, 0, 10, 4, 33
"d:\Mostafa\Dotworks App\database\migrations\first\2021_03_22_111942_create_user_permissions_table.php", "PHP", 0, 0, 19, 0, 0, 0, 0, 0, 0, 10, 4, 33
"d:\Mostafa\Dotworks App\database\migrations\first\2021_03_22_112312_create_admin_role_permissions_table.php", "PHP", 0, 0, 26, 0, 0, 0, 0, 0, 0, 10, 4, 40
"d:\Mostafa\Dotworks App\database\migrations\first\2021_03_22_112320_create_user_role_permissions_table.php", "PHP", 0, 0, 26, 0, 0, 0, 0, 0, 0, 10, 4, 40
"d:\Mostafa\Dotworks App\database\seederss\CategoriesTableSeeder.php", "PHP", 0, 0, 189, 0, 0, 0, 0, 0, 0, 26, 15, 230
"d:\Mostafa\Dotworks App\database\seederss\DataRowsTableSeeder.php", "PHP", 0, 0, 335, 0, 0, 0, 0, 0, 0, 11, 25, 371
"d:\Mostafa\Dotworks App\database\seederss\DataTypesTableSeeder.php", "PHP", 0, 0, 53, 0, 0, 0, 0, 0, 0, 11, 6, 70
"d:\Mostafa\Dotworks App\database\seederss\MenuItemsTableSeeder.php", "PHP", 0, 0, 160, 0, 0, 0, 0, 0, 0, 5, 13, 178
"d:\Mostafa\Dotworks App\database\seederss\MenusTableSeeder.php", "PHP", 0, 0, 12, 0, 0, 0, 0, 0, 0, 5, 3, 20
"d:\Mostafa\Dotworks App\database\seederss\PagesTableSeeder.php", "PHP", 0, 0, 255, 0, 0, 0, 0, 0, 0, 26, 19, 300
"d:\Mostafa\Dotworks App\database\seederss\PermissionRoleTableSeeder.php", "PHP", 0, 0, 15, 0, 0, 0, 0, 0, 0, 5, 5, 25
"d:\Mostafa\Dotworks App\database\seederss\PermissionsTableSeeder.php", "PHP", 0, 0, 26, 0, 0, 0, 0, 0, 0, 3, 8, 37
"d:\Mostafa\Dotworks App\database\seederss\PostsTableSeeder.php", "PHP", 0, 0, 381, 0, 0, 0, 0, 0, 0, 31, 26, 438
"d:\Mostafa\Dotworks App\database\seederss\RolesTableSeeder.php", "PHP", 0, 0, 21, 0, 0, 0, 0, 0, 0, 3, 4, 28
"d:\Mostafa\Dotworks App\database\seederss\SettingsTableSeeder.php", "PHP", 0, 0, 123, 0, 0, 0, 0, 0, 0, 10, 13, 146
"d:\Mostafa\Dotworks App\database\seederss\TranslationsTableSeeder.php", "PHP", 0, 0, 170, 0, 0, 0, 0, 0, 0, 39, 23, 232
"d:\Mostafa\Dotworks App\database\seederss\UsersTableSeeder.php", "PHP", 0, 0, 21, 0, 0, 0, 0, 0, 0, 5, 4, 30
"d:\Mostafa\Dotworks App\database\seederss\VoyagerDatabaseSeeder.php", "PHP", 0, 0, 18, 0, 0, 0, 0, 0, 0, 5, 3, 26
"d:\Mostafa\Dotworks App\database\seederss\VoyagerDummyDatabaseSeeder.php", "PHP", 0, 0, 16, 0, 0, 0, 0, 0, 0, 5, 3, 24
"d:\Mostafa\Dotworks App\database\seedersss\DataRowsTableSeeder.php", "PHP", 0, 0, 335, 0, 0, 0, 0, 0, 0, 11, 25, 371
"d:\Mostafa\Dotworks App\database\seedersss\DataTypesTableSeeder.php", "PHP", 0, 0, 53, 0, 0, 0, 0, 0, 0, 11, 6, 70
"d:\Mostafa\Dotworks App\database\seedersss\MenuItemsTableSeeder.php", "PHP", 0, 0, 160, 0, 0, 0, 0, 0, 0, 5, 13, 178
"d:\Mostafa\Dotworks App\database\seedersss\MenusTableSeeder.php", "PHP", 0, 0, 12, 0, 0, 0, 0, 0, 0, 5, 3, 20
"d:\Mostafa\Dotworks App\database\seedersss\PagesTableSeeder.php", "PHP", 0, 0, 255, 0, 0, 0, 0, 0, 0, 26, 19, 300
"d:\Mostafa\Dotworks App\database\seedersss\PermissionRoleTableSeeder.php", "PHP", 0, 0, 15, 0, 0, 0, 0, 0, 0, 5, 5, 25
"d:\Mostafa\Dotworks App\database\seedersss\PermissionsTableSeeder.php", "PHP", 0, 0, 26, 0, 0, 0, 0, 0, 0, 3, 8, 37
"d:\Mostafa\Dotworks App\database\seedersss\PostsTableSeeder.php", "PHP", 0, 0, 381, 0, 0, 0, 0, 0, 0, 31, 26, 438
"d:\Mostafa\Dotworks App\database\seedersss\RolesTableSeeder.php", "PHP", 0, 0, 21, 0, 0, 0, 0, 0, 0, 3, 4, 28
"d:\Mostafa\Dotworks App\database\seedersss\SettingsTableSeeder.php", "PHP", 0, 0, 123, 0, 0, 0, 0, 0, 0, 10, 13, 146
"d:\Mostafa\Dotworks App\database\seedersss\TranslationsTableSeeder.php", "PHP", 0, 0, 170, 0, 0, 0, 0, 0, 0, 39, 23, 232
"d:\Mostafa\Dotworks App\database\seedersss\UsersTableSeeder.php", "PHP", 0, 0, 21, 0, 0, 0, 0, 0, 0, 5, 4, 30
"d:\Mostafa\Dotworks App\database\seedersss\VoyagerDatabaseSeeder.php", "PHP", 0, 0, 18, 0, 0, 0, 0, 0, 0, 5, 3, 26
"d:\Mostafa\Dotworks App\database\seedersss\VoyagerDummyDatabaseSeeder.php", "PHP", 0, 0, 16, 0, 0, 0, 0, 0, 0, 5, 3, 24
"d:\Mostafa\Dotworks App\database\seeds\CountrySeeder.php", "PHP", 0, 0, 254, 0, 0, 0, 0, 0, 0, 5, 5, 264
"d:\Mostafa\Dotworks App\database\seeds\InvoiceSeeder.php", "PHP", 0, 0, 8, 0, 0, 0, 0, 0, 0, 6, 3, 17
"d:\Mostafa\Dotworks App\database\seeds\LanguageSeeder.php", "PHP", 0, 0, 16, 0, 0, 0, 0, 0, 0, 5, 3, 24
"d:\Mostafa\Dotworks App\database\seeds\OrderReviewSeeder.php", "PHP", 0, 0, 8, 0, 0, 0, 0, 0, 0, 6, 3, 17
"d:\Mostafa\Dotworks App\database\seeds\OrderStateSeeder.php", "PHP", 0, 0, 26, 0, 0, 0, 0, 0, 0, 5, 3, 34
"d:\Mostafa\Dotworks App\database\seeds\ServiceStateSeeder.php", "PHP", 0, 0, 26, 0, 0, 0, 0, 0, 0, 5, 3, 34
"d:\Mostafa\Dotworks App\package-lock.json", "JSON", 0, 0, 0, 0, 0, 20050, 0, 0, 0, 0, 1, 20051
"d:\Mostafa\Dotworks App\package.json", "JSON", 0, 0, 0, 0, 0, 46, 0, 0, 0, 0, 1, 47
"d:\Mostafa\Dotworks App\phpunit.xml", "XML", 31, 0, 0, 0, 0, 0, 0, 0, 0, 0, 1, 32
"d:\Mostafa\Dotworks App\public\css\app.css", "CSS", 0, 0, 0, 0, 0, 0, 9204, 0, 0, 49, 1457, 10710
"d:\Mostafa\Dotworks App\public\css\app.min.css", "CSS", 0, 0, 0, 0, 0, 0, 9204, 0, 0, 49, 1457, 10710
"d:\Mostafa\Dotworks App\public\css\profile.css", "CSS", 0, 0, 0, 0, 0, 0, 194, 0, 0, 0, 3, 197
"d:\Mostafa\Dotworks App\public\css\rtl.css", "CSS", 0, 0, 0, 0, 0, 0, 34, 0, 0, 0, 1, 35
"d:\Mostafa\Dotworks App\public\css\style.css", "CSS", 0, 0, 0, 0, 0, 0, 783, 0, 0, 13, 4, 800
"d:\Mostafa\Dotworks App\public\css\user_panel.css", "CSS", 0, 0, 0, 0, 0, 0, 149, 0, 0, 0, 2, 151
"d:\Mostafa\Dotworks App\public\images\vendor\rater-js\lib\star_0.svg", "XML", 1, 0, 0, 0, 0, 0, 0, 0, 0, 0, 1, 2
"d:\Mostafa\Dotworks App\public\images\vendor\rater-js\lib\star_1.svg", "XML", 12, 0, 0, 0, 0, 0, 0, 0, 0, 0, 1, 13
"d:\Mostafa\Dotworks App\public\index.php", "PHP", 0, 0, 10, 0, 0, 0, 0, 0, 0, 39, 12, 61
"d:\Mostafa\Dotworks App\public\js\app.js", "JavaScript", 0, 85229, 0, 0, 0, 0, 0, 0, 0, 30207, 21516, 136952
"d:\Mostafa\Dotworks App\public\js\app.min.js", "JavaScript", 0, 85229, 0, 0, 0, 0, 0, 0, 0, 30207, 21516, 136952
"d:\Mostafa\Dotworks App\public\js\script.js", "JavaScript", 0, 71, 0, 0, 0, 0, 0, 0, 0, 8, 13, 92
"d:\Mostafa\Dotworks App\public\js\stats.js", "JavaScript", 0, 26, 0, 0, 0, 0, 0, 0, 0, 2, 4, 32
"d:\Mostafa\Dotworks App\public\js\user_panel\invoices.js", "JavaScript", 0, 4, 0, 0, 0, 0, 0, 0, 0, 2, 0, 6
"d:\Mostafa\Dotworks App\public\js\user_panel\messages.js", "JavaScript", 0, 15493, 0, 0, 0, 0, 0, 0, 0, 3518, 2288, 21299
"d:\Mostafa\Dotworks App\public\js\user_panel\orders.js", "JavaScript", 0, 2793, 0, 0, 0, 0, 0, 0, 0, 843, 284, 3920
"d:\Mostafa\Dotworks App\public\js\user_panel\profile.js", "JavaScript", 0, 367, 0, 0, 0, 0, 0, 0, 0, 30, 58, 455
"d:\Mostafa\Dotworks App\public\js\user_panel\services.js", "JavaScript", 0, 339, 0, 0, 0, 0, 0, 0, 0, 49, 58, 446
"d:\Mostafa\Dotworks App\public\js\user_panel\wallet.js", "JavaScript", 0, 158, 0, 0, 0, 0, 0, 0, 0, 40, 20, 218
"d:\Mostafa\Dotworks App\public\mix-manifest.json", "JSON", 0, 0, 0, 0, 0, 12, 0, 0, 0, 0, 1, 13
"d:\Mostafa\Dotworks App\public\tailwindcss\app.css", "CSS", 0, 0, 0, 0, 0, 0, 565, 0, 0, 112, 79, 756
"d:\Mostafa\Dotworks App\resources\css\app.css", "CSS", 0, 0, 0, 0, 0, 0, 3, 0, 0, 0, 1, 4
"d:\Mostafa\Dotworks App\resources\js\app.js", "JavaScript", 0, 12, 0, 0, 0, 0, 0, 0, 0, 22, 11, 45
"d:\Mostafa\Dotworks App\resources\js\bootstrap.js", "JavaScript", 0, 14, 0, 0, 0, 0, 0, 0, 0, 27, 13, 54
"d:\Mostafa\Dotworks App\resources\js\user_panel\messages\chat-room.js", "JavaScript", 0, 75, 0, 0, 0, 0, 0, 0, 0, 0, 9, 84
"d:\Mostafa\Dotworks App\resources\js\user_panel\messages\index.js", "JavaScript", 0, 5, 0, 0, 0, 0, 0, 0, 0, 0, 5, 10
"d:\Mostafa\Dotworks App\resources\js\user_panel\orders\datatable.js", "JavaScript", 0, 83, 0, 0, 0, 0, 0, 0, 0, 20, 7, 110
"d:\Mostafa\Dotworks App\resources\js\user_panel\orders\deliver.js", "JavaScript", 0, 88, 0, 0, 0, 0, 0, 0, 0, 9, 21, 118
"d:\Mostafa\Dotworks App\resources\js\user_panel\orders\index.js", "JavaScript", 0, 67, 0, 0, 0, 0, 0, 0, 0, 0, 10, 77
"d:\Mostafa\Dotworks App\resources\js\user_panel\profile\index.js", "JavaScript", 0, 11, 0, 0, 0, 0, 0, 0, 0, 0, 3, 14
"d:\Mostafa\Dotworks App\resources\js\user_panel\profile\information.js", "JavaScript", 0, 15, 0, 0, 0, 0, 0, 0, 0, 2, 7, 24
"d:\Mostafa\Dotworks App\resources\js\user_panel\profile\languages.js", "JavaScript", 0, 80, 0, 0, 0, 0, 0, 0, 0, 0, 12, 92
"d:\Mostafa\Dotworks App\resources\js\user_panel\profile\skills.js", "JavaScript", 0, 81, 0, 0, 0, 0, 0, 0, 0, 0, 14, 95
"d:\Mostafa\Dotworks App\resources\js\user_panel\profile\slides.js", "JavaScript", 0, 76, 0, 0, 0, 0, 0, 0, 0, 0, 12, 88
"d:\Mostafa\Dotworks App\resources\js\user_panel\services\datatable.js", "JavaScript", 0, 87, 0, 0, 0, 0, 0, 0, 0, 15, 7, 109
"d:\Mostafa\Dotworks App\resources\js\user_panel\services\index.js", "JavaScript", 0, 7, 0, 0, 0, 0, 0, 0, 0, 0, 3, 10
"d:\Mostafa\Dotworks App\resources\js\user_panel\services\serviceForm.js", "JavaScript", 0, 199, 0, 0, 0, 0, 0, 0, 0, 16, 52, 267
"d:\Mostafa\Dotworks App\resources\js\user_panel\wallet\datatable.js", "JavaScript", 0, 97, 0, 0, 0, 0, 0, 0, 0, 16, 8, 121
"d:\Mostafa\Dotworks App\resources\js\user_panel\wallet\index.js", "JavaScript", 0, 5, 0, 0, 0, 0, 0, 0, 0, 0, 3, 8
"d:\Mostafa\Dotworks App\resources\js\utils\ImagePreviewer.js", "JavaScript", 0, 21, 0, 0, 0, 0, 0, 0, 0, 0, 4, 25
"d:\Mostafa\Dotworks App\resources\js\utils\Toast.js", "JavaScript", 0, 33, 0, 0, 0, 0, 0, 0, 0, 1, 10, 44
"d:\Mostafa\Dotworks App\resources\js\utils\helpers.js", "JavaScript", 0, 6, 0, 0, 0, 0, 0, 0, 0, 5, 2, 13
"d:\Mostafa\Dotworks App\resources\lang\ar.json", "JSON", 0, 0, 0, 0, 0, 54, 0, 0, 0, 0, 1, 55
"d:\Mostafa\Dotworks App\resources\lang\en\auth.php", "PHP", 0, 0, 5, 0, 0, 0, 0, 0, 0, 10, 5, 20
"d:\Mostafa\Dotworks App\resources\lang\en\pagination.php", "PHP", 0, 0, 5, 0, 0, 0, 0, 0, 0, 10, 5, 20
"d:\Mostafa\Dotworks App\resources\lang\en\passwords.php", "PHP", 0, 0, 8, 0, 0, 0, 0, 0, 0, 10, 5, 23
"d:\Mostafa\Dotworks App\resources\lang\en\validation.php", "PHP", 0, 0, 113, 0, 0, 0, 0, 0, 0, 30, 9, 152
"d:\Mostafa\Dotworks App\resources\sass\_override-boostrap.scss", "SCSS", 0, 0, 0, 0, 0, 0, 0, 0, 0, 0, 2, 2
"d:\Mostafa\Dotworks App\resources\sass\_style.scss", "SCSS", 0, 0, 0, 0, 13, 0, 0, 0, 0, 4, 4, 21
"d:\Mostafa\Dotworks App\resources\sass\_variables.scss", "SCSS", 0, 0, 0, 0, 46, 0, 0, 0, 0, 3, 5, 54
"d:\Mostafa\Dotworks App\resources\sass\app.scss", "SCSS", 0, 0, 0, 0, 12, 0, 0, 0, 0, 9, 14, 35
"d:\Mostafa\Dotworks App\resources\sass\components\_all.scss", "SCSS", 0, 0, 0, 0, 4, 0, 0, 0, 0, 0, 4, 8
"d:\Mostafa\Dotworks App\resources\sass\components\_order-steps.scss", "SCSS", 0, 0, 0, 0, 30, 0, 0, 0, 0, 0, 6, 36
"d:\Mostafa\Dotworks App\resources\sass\components\_package-card.scss", "SCSS", 0, 0, 0, 0, 130, 0, 0, 0, 0, 0, 8, 138
"d:\Mostafa\Dotworks App\resources\sass\materials\_all.scss", "SCSS", 0, 0, 0, 0, 4, 0, 0, 0, 0, 0, 2, 6
"d:\Mostafa\Dotworks App\resources\sass\materials\_msg-icon.scss", "SCSS", 0, 0, 0, 0, 32, 0, 0, 0, 0, 0, 6, 38
"d:\Mostafa\Dotworks App\resources\sass\materials\_state-badge.scss", "SCSS", 0, 0, 0, 0, 38, 0, 0, 0, 0, 0, 5, 43
"d:\Mostafa\Dotworks App\resources\sass\pages\_order-information.scss", "SCSS", 0, 0, 0, 0, 18, 0, 0, 0, 0, 0, 3, 21
"d:\Mostafa\Dotworks App\resources\sass\user_panel\_panel-variables.scss", "SCSS", 0, 0, 0, 0, 4, 0, 0, 0, 0, 0, 2, 6
"d:\Mostafa\Dotworks App\resources\sass\user_panel\_userpanel.scss", "SCSS", 0, 0, 0, 0, 249, 0, 0, 0, 0, 0, 39, 288
"d:\Mostafa\Dotworks App\resources\sass\user_panel\components\_sidebar.scss", "SCSS", 0, 0, 0, 0, 87, 0, 0, 0, 0, 0, 8, 95
"d:\Mostafa\Dotworks App\resources\sass\user_panel\components\panel-wrapper\_panel-body.scss", "SCSS", 0, 0, 0, 0, 16, 0, 0, 0, 0, 0, 12, 28
"d:\Mostafa\Dotworks App\resources\sass\user_panel\components\panel-wrapper\_panel-content.scss", "SCSS", 0, 0, 0, 0, 12, 0, 0, 0, 0, 0, 7, 19
"d:\Mostafa\Dotworks App\resources\sass\user_panel\components\panel-wrapper\_panel-header.scss", "SCSS", 0, 0, 0, 0, 41, 0, 0, 0, 0, 0, 6, 47
"d:\Mostafa\Dotworks App\resources\sass\user_panel\components\panel-wrapper\_panel-wrapper.scss", "SCSS", 0, 0, 0, 0, 11, 0, 0, 0, 0, 0, 2, 13
"d:\Mostafa\Dotworks App\resources\views\admin\admins\management.blade.php", "PHP", 0, 0, 250, 0, 0, 0, 0, 0, 0, 2, 21, 273
"d:\Mostafa\Dotworks App\resources\views\admin\admins\permissions.blade.php", "PHP", 0, 0, 181, 0, 0, 0, 0, 0, 0, 2, 21, 204
"d:\Mostafa\Dotworks App\resources\views\admin\admins\roles.blade.php", "PHP", 0, 0, 194, 0, 0, 0, 0, 0, 0, 2, 21, 217
"d:\Mostafa\Dotworks App\resources\views\admin\auth\login.blade.php", "PHP", 0, 0, 56, 0, 0, 0, 0, 0, 0, 0, 8, 64
"d:\Mostafa\Dotworks App\resources\views\admin\dashboard.blade.php", "PHP", 0, 0, 551, 0, 0, 0, 0, 0, 0, 0, 2, 553
"d:\Mostafa\Dotworks App\resources\views\admin\layouts\app.blade.php", "PHP", 0, 0, 113, 0, 0, 0, 0, 0, 0, 0, 21, 134
"d:\Mostafa\Dotworks App\resources\views\admin\layouts\layout.blade.php", "PHP", 0, 0, 370, 0, 0, 0, 0, 0, 0, 0, 5, 375
"d:\Mostafa\Dotworks App\resources\views\admin\services\categories.blade.php", "PHP", 0, 0, 220, 0, 0, 0, 0, 0, 0, 2, 22, 244
"d:\Mostafa\Dotworks App\resources\views\admin\services\management.blade.php", "PHP", 0, 0, 192, 0, 0, 0, 0, 0, 0, 1, 19, 212
"d:\Mostafa\Dotworks App\resources\views\admin\users\management.blade.php", "PHP", 0, 0, 309, 0, 0, 0, 0, 0, 0, 1, 19, 329
"d:\Mostafa\Dotworks App\resources\views\admin\users\permissions.blade.php", "PHP", 0, 0, 181, 0, 0, 0, 0, 0, 0, 2, 21, 204
"d:\Mostafa\Dotworks App\resources\views\admin\users\roles.blade.php", "PHP", 0, 0, 204, 0, 0, 0, 0, 0, 0, 2, 21, 227
"d:\Mostafa\Dotworks App\resources\views\auth\login.blade.php", "PHP", 0, 0, 61, 0, 0, 0, 0, 0, 0, 0, 13, 74
"d:\Mostafa\Dotworks App\resources\views\auth\passwords\confirm.blade.php", "PHP", 0, 0, 41, 0, 0, 0, 0, 0, 0, 0, 9, 50
"d:\Mostafa\Dotworks App\resources\views\auth\passwords\email.blade.php", "PHP", 0, 0, 40, 0, 0, 0, 0, 0, 0, 0, 7, 47
"d:\Mostafa\Dotworks App\resources\views\auth\passwords\reset.blade.php", "PHP", 0, 0, 53, 0, 0, 0, 0, 0, 0, 0, 13, 66
"d:\Mostafa\Dotworks App\resources\views\auth\register.blade.php", "PHP", 0, 0, 147, 0, 0, 0, 0, 0, 0, 0, 24, 171
"d:\Mostafa\Dotworks App\resources\views\auth\verify.blade.php", "PHP", 0, 0, 25, 0, 0, 0, 0, 0, 0, 0, 4, 29
"d:\Mostafa\Dotworks App\resources\views\frontend\home.blade.php", "PHP", 0, 0, 193, 0, 0, 0, 0, 0, 0, 0, 4, 197
"d:\Mostafa\Dotworks App\resources\views\frontend\includes\countries.blade.php", "PHP", 0, 0, 0, 0, 0, 0, 0, 0, 0, 0, 1, 1
"d:\Mostafa\Dotworks App\resources\views\frontend\includes\footer.blade.php", "PHP", 0, 0, 124, 0, 0, 0, 0, 0, 0, 0, 2, 126
"d:\Mostafa\Dotworks App\resources\views\frontend\includes\nav-content.blade.php", "PHP", 0, 0, 10, 0, 0, 0, 0, 0, 0, 0, 1, 11
"d:\Mostafa\Dotworks App\resources\views\frontend\includes\sidebar.blade.php", "PHP", 0, 0, 108, 0, 0, 0, 0, 0, 0, 0, 3, 111
"d:\Mostafa\Dotworks App\resources\views\frontend\includes\usernav.blade.php", "PHP", 0, 0, 41, 0, 0, 0, 0, 0, 0, 0, 5, 46
"d:\Mostafa\Dotworks App\resources\views\frontend\layouts\app.blade.php", "PHP", 0, 0, 119, 0, 0, 0, 0, 0, 0, 0, 14, 133
"d:\Mostafa\Dotworks App\resources\views\frontend\layouts\template.blade.php", "PHP", 0, 0, 70, 0, 0, 0, 0, 0, 0, 0, 9, 79
"d:\Mostafa\Dotworks App\resources\views\frontend\service.blade.php", "PHP", 0, 0, 231, 0, 0, 0, 0, 0, 0, 0, 7, 238
"d:\Mostafa\Dotworks App\resources\views\frontend\service_order\order_complete.blade.php", "PHP", 0, 0, 163, 0, 0, 0, 0, 0, 0, 0, 4, 167
"d:\Mostafa\Dotworks App\resources\views\frontend\service_order\order_information.blade.php", "PHP", 0, 0, 197, 0, 0, 0, 0, 0, 0, 0, 3, 200
"d:\Mostafa\Dotworks App\resources\views\frontend\service_order\order_payment.blade.php", "PHP", 0, 0, 171, 0, 0, 0, 0, 0, 0, 0, 4, 175
"d:\Mostafa\Dotworks App\resources\views\frontend\support\add-ticket.blade.php", "PHP", 0, 0, 43, 0, 0, 0, 0, 0, 0, 0, 2, 45
"d:\Mostafa\Dotworks App\resources\views\frontend\support\index.blade.php", "PHP", 0, 0, 106, 0, 0, 0, 0, 0, 0, 0, 2, 108
"d:\Mostafa\Dotworks App\resources\views\frontend\user.blade.php", "PHP", 0, 0, 256, 0, 0, 0, 0, 0, 0, 0, 2, 258
"d:\Mostafa\Dotworks App\resources\views\frontend\user_panel\dashboard.blade.php", "PHP", 0, 0, 135, 0, 0, 0, 0, 0, 0, 0, 4, 139
"d:\Mostafa\Dotworks App\resources\views\frontend\user_panel\messages\contact.blade.php", "PHP", 0, 0, 39, 0, 0, 0, 0, 0, 0, 0, 3, 42
"d:\Mostafa\Dotworks App\resources\views\frontend\user_panel\messages\index.blade.php", "PHP", 0, 0, 50, 0, 0, 0, 0, 0, 0, 0, 4, 54
"d:\Mostafa\Dotworks App\resources\views\frontend\user_panel\orders\deliver.blade.php", "PHP", 0, 0, 231, 0, 0, 0, 0, 0, 0, 0, 2, 233
"d:\Mostafa\Dotworks App\resources\views\frontend\user_panel\orders\index.blade.php", "PHP", 0, 0, 55, 0, 0, 0, 0, 0, 0, 0, 2, 57
"d:\Mostafa\Dotworks App\resources\views\frontend\user_panel\orders\show.blade.php", "PHP", 0, 0, 290, 0, 0, 0, 0, 0, 0, 0, 3, 293
"d:\Mostafa\Dotworks App\resources\views\frontend\user_panel\profile\edit_account.blade.php", "PHP", 0, 0, 89, 0, 0, 0, 0, 0, 0, 0, 10, 99
"d:\Mostafa\Dotworks App\resources\views\frontend\user_panel\profile\edit_languages.blade.php", "PHP", 0, 0, 118, 0, 0, 0, 0, 0, 0, 0, 3, 121
"d:\Mostafa\Dotworks App\resources\views\frontend\user_panel\profile\edit_profile.blade.php", "PHP", 0, 0, 253, 0, 0, 0, 0, 0, 0, 0, 17, 270
"d:\Mostafa\Dotworks App\resources\views\frontend\user_panel\profile\edit_skills.blade.php", "PHP", 0, 0, 115, 0, 0, 0, 0, 0, 0, 0, 4, 119
"d:\Mostafa\Dotworks App\resources\views\frontend\user_panel\profile\edit_slides.blade.php", "PHP", 0, 0, 108, 0, 0, 0, 0, 0, 0, 0, 10, 118
"d:\Mostafa\Dotworks App\resources\views\frontend\user_panel\services\create.blade.php", "PHP", 0, 0, 290, 0, 0, 0, 0, 0, 0, 0, 17, 307
"d:\Mostafa\Dotworks App\resources\views\frontend\user_panel\services\edit.blade.php", "PHP", 0, 0, 200, 0, 0, 0, 0, 0, 0, 0, 14, 214
"d:\Mostafa\Dotworks App\resources\views\frontend\user_panel\services\index.blade.php", "PHP", 0, 0, 58, 0, 0, 0, 0, 0, 0, 0, 2, 60
"d:\Mostafa\Dotworks App\resources\views\frontend\user_panel\wallet\deposit\amount.blade.php", "PHP", 0, 0, 124, 0, 0, 0, 0, 0, 0, 0, 1, 125
"d:\Mostafa\Dotworks App\resources\views\frontend\user_panel\wallet\deposit\confirm.blade.php", "PHP", 0, 0, 118, 0, 0, 0, 0, 0, 0, 0, 2, 120
"d:\Mostafa\Dotworks App\resources\views\frontend\user_panel\wallet\deposit\payment.blade.php", "PHP", 0, 0, 147, 0, 0, 0, 0, 0, 0, 0, 2, 149
"d:\Mostafa\Dotworks App\resources\views\frontend\user_panel\wallet\index.blade.php", "PHP", 0, 0, 661, 0, 0, 0, 0, 0, 0, 0, 3, 664
"d:\Mostafa\Dotworks App\resources\views\frontend\user_panel\wallet\withdraw.blade.php", "PHP", 0, 0, 1, 0, 0, 0, 0, 0, 0, 0, 1, 2
"d:\Mostafa\Dotworks App\routes\api.php", "PHP", 0, 0, 6, 0, 0, 0, 0, 0, 0, 10, 4, 20
"d:\Mostafa\Dotworks App\routes\channels.php", "PHP", 0, 0, 5, 0, 0, 0, 0, 0, 0, 10, 4, 19
"d:\Mostafa\Dotworks App\routes\console.php", "PHP", 0, 0, 6, 0, 0, 0, 0, 0, 0, 10, 4, 20
"d:\Mostafa\Dotworks App\routes\web.php", "PHP", 0, 0, 77, 0, 0, 0, 0, 0, 0, 122, 18, 217
"d:\Mostafa\Dotworks App\server.php", "PHP", 0, 0, 8, 0, 0, 0, 0, 0, 0, 9, 5, 22
"d:\Mostafa\Dotworks App\tailwind.config.js", "JavaScript", 0, 184, 0, 0, 0, 0, 0, 0, 0, 0, 2, 186
"d:\Mostafa\Dotworks App\tests\CreatesApplication.php", "PHP", 0, 0, 12, 0, 0, 0, 0, 0, 0, 5, 6, 23
"d:\Mostafa\Dotworks App\tests\Feature\ExampleTest.php", "PHP", 0, 0, 12, 0, 0, 0, 0, 0, 0, 5, 5, 22
"d:\Mostafa\Dotworks App\tests\TestCase.php", "PHP", 0, 0, 7, 0, 0, 0, 0, 0, 0, 0, 4, 11
"d:\Mostafa\Dotworks App\tests\Unit\ExampleTest.php", "PHP", 0, 0, 10, 0, 0, 0, 0, 0, 0, 5, 4, 19
"d:\Mostafa\Dotworks App\vendor\facade\ignition\resources\compiled\ignition.js", "JavaScript", 0, 5, 0, 0, 0, 0, 0, 0, 0, 27, 0, 32
"d:\Mostafa\Dotworks App\vendor\facade\ignition\resources\compiled\index.html", "HTML", 0, 0, 0, 12, 0, 0, 0, 0, 0, 0, 1, 13
"d:\Mostafa\Dotworks App\webpack.mix.js", "JavaScript", 0, 12, 0, 0, 0, 0, 0, 0, 0, 10, 3, 25
"Total", "-", 737, 190972, 17680, 12, 747, 29453, 20136, 60, 13, 68701, 51591, 380102